"country_name","iso_country_code","population","surface_area_km2","gini_index","happy_planet_index","human_development_index","world_happiness_report_score","sustainable_economic_development_assessment_seda","gdp_billions_ppp","gdp_per_capita_ppp","gdp_growth_annual_pct","health_expenditure_pct_of_gdp","health_expenditure_per_person","education_expenditure_pct_of_gdp","education_expenditure_per_person","school_life_expectancy_years","unemployment_pct","government_spending_score","government_expenditure_pct_of_gdp","political_rights_score","civil_liberties_score","political_stability_absence_of_violence","government_effectiveness","regulatory_quality","rule_of_law","control_of_corruption","judicial_effectiveness_score","government_integrity_score","property_rights_score","tax_burden_score","overall_economic_freedom_score","financial_freedom_score","women_mps_pct_of_all_mps"
"Afghanistan","AFG",3.6e+07,652230,"-","20.2","0.498","2.6617181300000001","-","64.099999999999994","1919","1.5","10.29759481","184","3.78","23.789250463379656","11","8.5","79.3","26.3",5,6,"-2.78","-1.33","-1.34","-1.57","-1.52","28.2","26.2","17.899999999999999","91.8","51.3","10","27.7"
"Albania","ALB",2900000,27398,"29","36.799999999999997","0.78500000000000003","4.6395483019999997","53.1","34.200000000000003","11840","2.6","6.8244387099999999","774","-","-","16","16.3","72.7","30.1",3,3,"0.4","0.08","0.22","-0.4","-0.42","25.4","39.9","54.1","85.1","64.5","70","27.9"
"Algeria","DZA",4.1e+07,2381740,"35.299999999999997","33.299999999999997","0.754","5.2489123339999999","45.8","612.5","15027","3.7","7.0566878600000003","1031","-","-","14","11.2","45.9","42.5",6,5,"-0.96","-0.6","-1.2","-0.86","-0.61","35.200000000000003","29","27.8","74","44.7","30","25.8"
"Andorra","AND",77000,468,"-","-","0.85799999999999998","-","-","-","-","-","11.974776049999999","5949","2.9978098869999998","-","-","-","-","-",1,1,"1.45","1.94","1.21","1.6","1.24","-","-","-","-","-","-","32.1"
"Angola","AGO",3e+07,1246700,"42.7","-","0.58099999999999996","-","28.4","187.3","6844","3","2.94697845","196","-","-","10","6.6","69.099999999999994","32.1",6,6,"-0.28999999999999998","-1.03","-1.04","-1.1000000000000001","-1.41","25.4","18.899999999999999","36","82.4","48.6","40","38.200000000000003"
"Antigua & Barbuda","ATG",102000,442.6,"-","-","0.78","-","-","-","-","-","4.8439975999999998","1105","-","-","14","-","-","-",2,2,"0.76","0.01","0.25","0.44","0.24","-","-","-","-","-","-","11.1"
"Argentina","ARG",4.4e+07,2736690,"41.7","35.200000000000003","0.82499999999999996","6.0393300060000001","57.3","874.1","20048","1.2","2.94697845","1390","5.3614401819999999","656.52250661481798","17","6.6","55.6","38.5",2,2,"0.18","0.16","-0.28999999999999998","-0.25","-0.26","44.5","32.6","40.799999999999997","65.7","52.3","60","38.9"
"Armenia","ARM",3e+06,28203,"31.5","25.7","0.755","4.2877364160000004","51.7","25.8","8621","3","10.140838130000001","883","2.2472400669999999","89.770776600267595","13","16.8","80","25.8",5,4,"-0.71","-0.1","0.28000000000000003","-0.16","-0.56000000000000005","47.4","40.5","55.3","84.7","68.7","70","18.100000000000001"
"Australia","AUS",2.5e+07,7682300,"30.3","21.2","0.93899999999999995","7.2570376400000001","78.900000000000006","1187.3","48899","2.5","9.4453332700000008","4492","5.1926698680000003","3236.4742114028095","20","5.7","61.2","36",1,1,"0.9","1.54","1.93","1.68","1.8","93.4","77.400000000000006","78.7","63","80.900000000000006","90","28.7"
"Austria","AUT",9e+06,82445,"30.5","30.5","0.90800000000000003","7.2937278750000001","80.3","417.2","48005","0.9","10.319881669999999","5138","5.4489798550000001","2817.3673823401173","16","6.1","19.399999999999999","51.8",1,1,"1.04","1.46","1.44","1.81","1.53","80.900000000000006","73.5","83.5","49.9","71.8","70","30.6"
"Azerbaijan","AZE",1e+07,82629,"33.700000000000003","-","0.75700000000000001","5.1522793770000002","51.1","165.5","17439","1.1000000000000001","6.6780184699999996","1191","2.6330399510000002","207.78142783177319","13","5.0999999999999996","59.4","36.799999999999997",7,6,"-0.76","-0.16","-0.25","-0.56000000000000005","-0.88","36.799999999999997","39.9","53.6","87.5","64.3","60","16.8"
"Bahamas","BHS",4e+05,10010,"-","-","0.80700000000000005","-","60.4","9","24555","0.5","7.3643025599999996","1699","-","-","-","15.3","82.9","23.8",1,1,"1","0.57999999999999996","0.12","0.19","1.17","53.5","50.9","46.5","96.5","63.3","60","12.8"
"Bahrain","BHR",1300000,760,"-","-","0.84599999999999997","6.2273206710000002","63.9","66.900000000000006","50704","3.2","5.1559720699999998","2453","2.4674599169999998","616.45486311638081","-","1.3","66.400000000000006","33.4",7,6,"-0.95","0.19","0.41","0.45","-0.14000000000000001","55.1","51.8","62.1","99.9","67.7","80","7.5"
"Bangladesh","BGD",1.65e+08,130170,"32.1","38.4","0.60799999999999998","4.3097710610000002","35.299999999999997","628.4","3891","6.4","2.63947252","88","-","-","10","4.0999999999999996","94.2","13.9",4,4,"-1.25","-0.74","-0.81","-0.67","-0.83","32.6","21.2","32.4","72.7","55.1","30","20.3"
"Barbados","BRB",3e+05,430,"-","-","0.8","-","60.8","4.8","17100","0.5","7.4570433500000002","1234","6.2294101719999997","1013.014180924756","15","11.4","39.299999999999997","45",1,1,"0.98","0.84","0.49","0.66","1.42","54.4","53.8","51.4","74","57","60","16.7"
"Belarus","BLR",1e+07,202900,"26.5","21.7","0.80800000000000005","5.5529150960000004","59.9","171","18000","-3.9","6.1113249700000001","1085","4.8183097840000002","400.81171082023928","16","0.5","47.9","41.7",6,6,"0.03","-0.35","-0.74","-0.82","-0.26","57.3","42","53.5","89.8","58.1","10","34.5"
"Belgium","BEL",1.1e+07,30278,"25.9","23.7","0.91600000000000004","6.9283475880000003","77.5","509.5","45047","1.4","10.477128410000001","4782","6.5968499180000002","3123.738801423508","20","8.3000000000000007","12.1","54.1",1,1,"0.42","1.18","1.24","1.34","1.5","69.5","70.900000000000006","81.2","44","67.5","70","38"
"Belize","BLZ",4e+05,22806,"-","33.799999999999997","0.70799999999999996","-","48.5","3.1","8220","1.5","6.2102254200000004","524","6.4741101260000002","313.66946115126592","13","11","65.5","33.9",1,2,"0.05","-0.64","-0.54","-0.96","-0.27","53.5","34.700000000000003","42.1","80","57.1","50","9.4"
"Benin","BEN",1.1e+07,110622,"36.5","13.4","0.51500000000000001","4.8531808850000004","34.5","23.6","2119","5.2","3.9919010300000002","84","4.3211297990000004","40.7779218044641","12","1","85.6","21.9",2,2,"0.05","-0.64","-0.47","-0.62","-0.55000000000000004","31.3","30.2","35.5","67.400000000000006","56.7","50","7.2"
"Bhutan","BTN",8e+05,38394,"38.799999999999997","28.6","0.61199999999999999","-","47.7","6.5","8227","7.7","3.4861041400000001","287","5.9033298490000004","147.8617303030174","13","2.4","72.2","30.5",3,4,"1.1299999999999999","0.56000000000000005","-0.33","0.63","1.57","51.6","50.9","60.9","83","61.8","30","8.5"
"Bolivia","BOL",1.1e+07,1083301,"47","23.3","0.69299999999999995","5.6505527500000001","44.8","78.7","7219","4.8","6.4111801499999999","446","7.2853498459999999","227.59435175797188","-","3.7","46.5","42.2",3,3,"-0.3","-0.39","-0.9","-1.21","-0.66","11.4","23.1","19","85.7","44.1","40","53.1"
"Bosnia and Herzegovina","BIH",3900000,51187,"33.799999999999997","25.3","0.76800000000000002","5.0899024009999998","50.2","42.2","10958","2.8","9.3825602900000007","1102","-","-","14","25.8","41.5","44.1",4,4,"-0.38","-0.48","-0.15","-0.21","-0.52","43.7","28.4","39.5","83.5","61.4","60","21.4"
"Botswana","BWA",2200000,566730,"60.5","16.600000000000001","0.71699999999999997","3.5048811440000001","44.1","36.700000000000003","17042","-0.3","5.9709158599999999","970","-","-","13","18.399999999999999","63.4","34.9",3,2,"1.03","0.43","0.46","0.51","0.8","54.7","56.6","57.7","76.099999999999994","69.900000000000006","70","9.5"
"Brazil","BRA",2.09e+08,8358140,"49","34.299999999999997","0.75900000000000001","6.3329291339999996","51.6","3141.3","15242","-3.8","8.9114837700000002","1392","5.948480129","715.40000867734159","15","11.5","50.7","40.5",2,2,"-0.41","-0.28999999999999998","-0.11","-0.28000000000000003","-0.53","55.5","31.4","55.8","70.599999999999994","51.4","50","10.7"
"Brunei","BRN",4e+05,5265,"-","-","0.85299999999999998","-","72.5","32.5","76884","-0.2","2.6227752299999998","2083","3.353189945","1392.6022162681672","15","2","57.7","37.5",6,5,"1.19","1.1399999999999999","0.72","0.65","0.71","57.1","45.4","56.6","85.6","64.2","50","9.1"
"Bulgaria","BGR",7e+06,108489,"40.200000000000003","20.399999999999999","0.81299999999999994","-","59.9","144.6","20327","3","8.2030928799999998","1492","-","-","15","8","60.5","36.299999999999997",2,2,"0.37","0.26","0.63","-0.04","-0.16","42.5","38.200000000000003","63.6","90.9","68.3","60","23.8"
"Burkina Faso","BFA",1.9e+07,273800,"39.5","17.899999999999999","0.42299999999999999","4.646891117","33.4","32.799999999999997","1782","4","5.4467720000000002","96","4.5599398610000001","32.093844264287853","8","3","83.7","23.3",4,3,"-0.92","-0.59","-0.44","-0.4","-0.11","47.1","31.8","42.1","80.599999999999994","60","40","11"
"Burundi","BDI",1.1e+07,25680,"42.4","15.6","0.41699999999999998","-","28.3","7.9","814","-4.0999999999999996","8.2429492799999995","64","-","-","11","1.6","78.599999999999994","26.7",7,6,"-1.97","-1.34","-0.84","-1.4","-1.28","21.7","26.2","17.600000000000001","71","50.9","30","36.4"
"Cabo Verde","CPV",5e+05,4033,"-","-","0.65400000000000003","-","-","3.5","6662","1.8","4.8499999999999996","310","4.9638700489999996","175.20567072975447","13","10.5","71.5","30.8",1,1,"0.9","0.16","-0.2","0.41","0.84","52","42.8","42.1","74","60","60","23.6"
"Cambodia","KHM",1.6e+07,176515,"37.9","25.6","0.58199999999999996","4.5858421329999999","38.5","59","3737","6.9","5.9822600899999996","210","1.9008300300000001","20.790557834844947","11","0.3","86.5","21.2",6,5,"0.17","-0.66","-0.5","-1.06","-1.29","24.5","17.7","36","89.8","58.7","50","20.3"
"Cameroon","CMR",2.4e+07,472710,"44.6","16.7","0.55600000000000005","5.0740513800000002","32.1","76.900000000000006","3249","5.9","5.1130254199999996","163","-","-","12","4.5","86.1","21.6",6,6,"-1.08","-0.82","-0.82","-1.02","-1.18","29.4","23.4","40.6","73.7","51.9","50","31.1"
"Canada","CAN",3.7e+07,9093507,"32.1","23.9","0.92600000000000005","-","76.900000000000006","1682.4","46437","1.2","10.435622370000001","4600","-","-","-","7.1","52.3","39.9",1,1,"1.1100000000000001","1.85","1.89","1.8","1.92","77.099999999999994","78.3","87.5","76.7","77.7","80","26.3"
"Central African Republic","CAF",4900000,622984,"43.6","-","0.36699999999999999","3.4758620260000002","16.100000000000001","3.2","652","4.3","4.78","32","-","-","7","6.9","94.6","13.4",7,7,"-1.94","-1.77","-1.48","-1.73","-1.17","28.2","24.6","17.899999999999999","64.599999999999994","49.2","30","8.6"
"Chad","TCD",1.5e+07,1259200,"43.3","12.8","0.40400000000000003","4.5589370730000001","20.399999999999999","29","2445","1.8","4.58","100","-","-","7","5.8","90.5","17.7",7,6,"-1.34","-1.46","-1.21","-1.3","-1.43","24.1","23.1","25.1","44.8","49.3","40","12.8"
"Chile","CHL",1.8e+07,743812,"50.5","31.7","0.84299999999999997","6.3201193809999996","62.6","438.8","24113","2.1","8.0710858600000002","1903","4.7228198050000003","698.70863516552197","16","6.6","81.3","25",1,1,"0.38","0.85","1.34","1.01","1.04","63.4","61.2","67.900000000000006","78","75.2","70","15.8"
"China","CHN",1.386e+09,9326410,"46.5","25.7","0.752","5.0990614890000003","50.8","21291.8","15399","6.9","5.3158677699999997","762","-","-","14","4.5999999999999996","71.599999999999994","30.7",7,6,"-0.25","0.42","-0.15","-0.26","-0.27","65.400000000000006","47.3","46.7","70.400000000000006","57.8","20","24.2"
"Colombia","COL",4.9e+07,1038700,"51.1","40.700000000000003","0.84299999999999997","6.1573419569999999","49.1","688.8","14130","3.1","6.1913276399999999","853","4.6651601789999999","369.17228923051096","14","9.9","74.400000000000006","29.2",3,3,"-0.79","-7.0000000000000007E-2","0.34","-0.36","-0.37","36.4","33.4","60.7","80.3","68.900000000000006","70","18.7"
"Comoros","COM",8e+05,2235,"55.9","23.1","0.752","-","-","1.3","1529","1","8.0462601899999999","121","4.8649301530000004","41.495631316042214","11","20","77.8","27.2",3,4,"0.03","-1.57","-1.04","-1.05","-0.68","28.2","27.5","36.700000000000003","59.7","56.2","30","6.1"
"Congo (Dem. Rep.)","COD",8.1e+07,2267048,"42.1","-","0.45700000000000002","4.3110332490000003","24.8","65","773","7.7","4.2713599000000002","34","-","-","9","3.6","94.8","13.2",7,6,"-2.2999999999999998","-1.63","-1.47","-1.69","-1.42","23.9","27.3","24.1","73.2","52.1","20","8.9"
"Congo (Rep.)","COG",4500000,341500,"48.9","18.8","0.60599999999999998","4.8839912410000004","32.700000000000003","29.8","6676","2.5","3.43391175","203","-","-","11","11.2","33.4","47.1",7,5,"-0.53","-1.19","-1.33","-1.1000000000000001","-1.33","28.2","24.6","32.4","60.8","38.9","30","11.3"
"Costa Rica","CRI",4900000,51060,"48.5","44.7","0.79400000000000004","7.2251815800000001","58.9","80.7","16436","3.7","8.1455845700000005","1286","6.8589100839999997","729.17058704926194","15","9","88.9","19.3",1,1,"0.51","0.25","0.45","0.45","0.47","57.8","51.8","54.8","79.3","65.599999999999994","50","35.1"
"Cote d'Ivoire","CIV",2.4e+07,318003,"41.5","14.4","0.79400000000000004","5.0377349850000002","30.5","87.8","3609","8.6","5.4358331800000004","190","4.5774297710000003","71.862364257577809","9","9.3000000000000007","84.6","22.6",4,4,"-1.0900000000000001","-0.74","-0.36","-0.63","-0.52","44.2","36.6","39.4","76.400000000000006","62","50","10.6"
"Croatia","HRV",4200000,55974,"30.8","30.2","0.83099999999999996","5.3431658740000003","64.5","95.1","22795","1.6","7.4036153599999999","1656","-","-","15","13.5","32.5","47.4",1,2,"0.75","0.57999999999999996","0.42","0.33","0.19","56.5","40.5","65.900000000000006","66","61","60","18.5"
"Cuba","CUB",1.1e+07,109820,"-","-","0.77700000000000002","-","-","142","12390","4.3","-","-","-","-","14","2.9","0","62.4",7,6,"0.69","-0.2","-1.33","-0.43","0.27","10","38.1","29.7","49","31.9","10","48.9"
"Cyprus","CYP",8e+05,9241,"34.799999999999997","30.7","0.86899999999999999","6.0620512959999999","65.900000000000006","29.7","34970","1.6","6.76967432","2137","-","-","15","11.7","52.9","39.6",1,1,"0.6","0.92","1.03","0.88","0.78","56.7","41.3","71.2","75.2","67.8","60","17.899999999999999"
"Czech Republic","CZE",1.1e+07,77247,"-","27.3","0.88800000000000001","6.7895679470000001","71.099999999999994","350.7","33232","4.2","7.30822225","2470","-","-","17","4","48.6","41.4",1,1,"1.02","1.02","1.23","1.1200000000000001","0.56999999999999995","57.9","51.1","73","82.9","74.2","80","20"
"Denmark","DNK",6e+06,42434,"29","32.700000000000003","0.92900000000000005","7.5937023159999999","82","273.89999999999998","47985","1.2","10.326207009999999","5083","-","-","19","6.1","10.6","54.6",1,1,"0.87","1.8","1.62","1.86","2.19","83.6","84.1","84.8","41.4","76.599999999999994","80","37.4"
"Djibouti","DJI",1e+06,23180,"40.9","16.399999999999999","0.47599999999999998","-","-","3.3","3370","6.5","4.3893014499999996","147","-","-","6","6.6","27.2","49.3",6,5,"-0.71","-1.03","-0.64","-0.91","-0.64","13.8","29","19","69.8","45.1","50","10.8"
"Dominica","DMA",1e+05,751,"-","-","0.71499999999999997","-","-","0.8","11375","-4.3","5.4267990900000003","586","-","-","-","-","64.8","34.200000000000003",1,1,"1.04","-0.25","0.13","0.65","0.65","69.2","49.9","48.6","72.900000000000006","64.5","30","25"
"Dominican Republic","DOM",1.1e+07,48320,"47.1","30.3","0.73599999999999999","5.6052026750000001","48.1","161.80000000000001","16050","7","6.2240414499999996","873","-","-","13","14.4","90.6","17.7",3,3,"0.16","-0.35","-0.08","-0.42","-0.74","23.1","26.2","51.7","84.6","61.6","40","26.8"
"Ecuador","ECU",1.7e+07,276841,"45.9","37","0.752","5.8395185469999999","48.1","183.6","11109","0","6.76967432","980","-","-","15","5.4","52.5","39.799999999999997",3,3,"-0.1","-0.32","-1","-0.7","-0.6","23.3","30.2","36.700000000000003","79.400000000000006","48.5","40","38"
"Egypt","EGY",9.8e+07,995450,"31.8","23.8","0.69599999999999995","3.9293441769999999","43.1","1132.4000000000001","12554","4.2","7.30822225","495","-","-","13","12","65.099999999999994","34.1",6,6,"-1.42","-0.62","-0.86","-0.53","-0.54","52.5","32.200000000000003","32.700000000000003","84.2","53.4","50","14.9"
"El Salvador","SLV",6e+06,20721,"36","35.6","0.67400000000000004","6.3393182750000001","47.2","54.8","8909","2.4","10.326207009999999","578","3.448559999","124.00300087465311","13","6.3","86.3","21.3",2,3,"-0.25","-0.37","-0.15","-0.86","-0.51","35.4","25.2","37.299999999999997","78.900000000000006","63.2","60","32.1"
"Equatorial Guinea","GNQ",8e+05,28051,"-","-","0.59099999999999997","-","-","31.7","38639","-12.2","4.3893014499999996","790","-","-","-","7.3","61","36.1",7,7,"-0.15","-1.44","-1.4","-1.49","-1.83","17.600000000000001","26.2","29.8","69.599999999999994","42","30","24"
"Eritrea","ERI",5e+06,101000,"-","-","0.44","-","-","9.1999999999999993","1410","4.8","5.4267990900000003","56","-","-","5","7.3","75.599999999999994","28.5",7,7,"-0.66","-1.73","-2.2000000000000002","-1.56","-1.2","13.8","23.4","35.5","79.900000000000006","41.7","20","22"
"Estonia","EST",1300000,42388,"34.799999999999997","17.899999999999999","0.871","5.9383959769999999","70.8","38.5","29313","1.1000000000000001","6.2240414499999996","1887","-","-","16","6.9","52.6","39.799999999999997",1,1,"0.66","1.1200000000000001","1.64","1.28","1.24","83.9","75.7","80.400000000000006","80.7","78.8","80","26.7"
"Eswatini","SWZ",1100000,17204,"50.4","15.5","0.58799999999999997","-","-","11.1","9776","1.7","7.0429110499999998","-","-","-","11","25.3","65.2","34.1",7,6,"-0.3","-0.57999999999999996","-0.56000000000000005","-0.28999999999999998","-0.3","35.299999999999997","26.9","55.3","74.8","55.9","40","6.2"
"Ethiopia","ETH",1.05e+08,1e+06,"33","26.7","0.46300000000000002","4.1803154950000003","32.299999999999997","177.5","1946","10.199999999999999","4.0468436800000003","66","-","-","8","5.7","90.6","17.7",7,6,"-1.69","-0.7","-1.01","-0.45","-0.56000000000000005","37.6","37.700000000000003","31.1","76.5","52.8","20","38.799999999999997"
"Fiji","FJI",9e+05,18274,"-","-","0.74099999999999999","-","49","8.3000000000000007","9268","4.3","3.5541200700000002","331","-","-","-","7.9","68.2","32.6",3,3,"0.79","0.09","-0.22","-0.25","0.36","47.1","34.799999999999997","68.3","81.400000000000006","62","50","16"
"Finland","FIN",6e+06,303815,"27.2","31.3","0.92","7.7882518770000004","81.3","231.4","42165","0.4","9.4456906800000002","3669","7.1515598300000001","3569.6700358737103","19","9","2.2999999999999998","57.1",1,1,"1.07","1.94","1.82","2.0299999999999998","2.2200000000000002","82.7","89.8","89","66.5","74.099999999999994","80","42"
"France","FRA",6.7e+07,549970,"29.3","30.4","0.90100000000000002","6.6352224350000002","73.900000000000006","2733.7","42314","1.1000000000000001","11.066442800000001","4542","5.5176000600000004","2373.048967229583","16","10","2.7","57",1,2,"0.21","1.35","1.1599999999999999","1.44","1.26","72.7","65.099999999999994","84","47.3","63.9","70","39"
"Gabon","GAB",1900000,257667,"42.2","17.5","0.70199999999999996","4.782382965","40.9","35.9","19057","4","2.67891653","481","-","-","-","18.5","84.6","22.6",7,5,"-0.09","-0.94","-0.79","-0.68","-0.81","27.8","33.4","29.9","74.3","58","40","17.100000000000001"
"Gambia, The","GMB",2100000,10120,"50.2","-","0.46","-","-","3.4","1667","4.4000000000000004","6.6491304600000003","-","-","-","9","29.7","74","29.4",4,5,"-","-","-","-","-","38.799999999999997","36.799999999999997","34.4","71.900000000000006","52.3","50","10.3"
"Georgia","GEO",3700000,69700,"40.1","31.1","0.78","4.4507746700000004","55.4","37.200000000000003","10044","2.8","7.9323592400000003","718","-","-","15","11.6","73.3","29.8",3,3,"-0.37","0.56999999999999995","1.05","0.33","0.74","64.2","61.8","62.8","87","76.2","60","16"
"Germany","DEU",8.3e+07,348672,"27","29.8","0.93600000000000005","7.0743246080000004","79.599999999999994","3980.3","48111","1.5","11.151568510000001","5357","4.9311299320000002","2369.0431173078778","17","4.3","41.3","44.2",1,1,"0.57999999999999996","1.72","1.78","1.61","1.84","78","75.3","81","61.3","74.2","70","37"
"Ghana","GHA",2.9e+07,227533,"42.3","21.4","0.59199999999999997","5.4813108440000002","40.200000000000003","121.7","4412","3.5","5.9082366200000003","249","6.1598300930000001","89.296766395777951","12","5.8","79","26.5",1,2,"0.09","-0.11","-0.14000000000000001","0.13","-0.23","43.7","32.9","48.9","83.5","56","60","12.7"
"Greece","GRC",1.1e+07,130647,"36.700000000000003","23.6","0.87","5.14824152","64.099999999999994","289.39999999999998","26669","-0.2","8.3848383599999998","2204","-","-","18","23.9","20.9","51.3",2,2,"-0.13","0.31","0.24","0.08","-0.14000000000000001","59","37.9","52.3","60.4","57.3","40","18.3"
"Grenada","GRD",108000,344,"-","-","0.77200000000000002","-","-","-","-","-","4.9963741400000004","677","-","-","17","-","-","-",1,2,"1.03","-0.18","-0.05","0.44","0.48","-","-","-","-","-","-","33.299999999999997"
"Guatemala","GTM",1.7e+07,107159,"53","34.200000000000003","0.65","6.3251185420000002","42.5","131.69999999999999","7899","4","5.7163863800000003","444","2.9413900380000002","108.47151606033196","11","2.4","95.3","12.5",4,4,"-0.56999999999999995","-0.64","-0.26","-1.06","-0.74","33.1","27.3","40.4","79.2","63.4","50","12.7"
"Guinea","GIN",1.3e+07,245717,"39.4","-","0.45900000000000002","4.8737225530000003","28.3","16","1265","0.1","4.53653174","57","2.4192600249999998","17.961934354164761","9","6.8","80.599999999999994","25.4",5,5,"-0.61","-1.04","-0.84","-1.23","-1.01","28.2","26.9","32.4","65.900000000000006","52.2","40","21.9"
"Guinea-Bissau","GNB",1700000,28120,"-","-","0.45500000000000002","-","-","2.9","1730","4.8","6.8793995700000004","100","-","-","-","6.5","85.6","21.9",5,5,"-0.6","-1.77","-1.18","-1.44","-1.56","53.5","27.3","31.1","86.4","56.9","30","13.7"
"Guyana","GUY",8e+05,196849,"44.6","-","0.65400000000000003","-","42.8","6","7873","3","4.4795954699999996","336","-","-","10","11.4","70.8","31.2",2,3,"-0.04","-0.28999999999999998","-0.39","-0.28999999999999998","-0.51","42.5","34.799999999999997","42.1","68.400000000000006","58.7","30","31.9"
"Haiti","HTI",1.1e+07,27560,"60.8","28.6","0.498","3.8238656519999998","24.2","19.399999999999999","1784","1","6.8682811199999998","120","-","-","-","13.2","85.6","21.9",5,5,"-0.7","-2.06","-1.32","-1.0900000000000001","-1.24","42.5","24.6","25.1","80.099999999999994","55.8","30","2.5"
"Honduras","HND",9e+06,111890,"47.1","27.2","0.61699999999999999","6.0199856760000001","41.9","43.2","5272","3.6","7.5924854899999996","353","-","-","11","6.3","76.599999999999994","27.9",4,4,"-0.55000000000000004","-0.51","-0.44","-1.05","-0.72","34.5","28.2","44.3","82.8","60.6","60","25.8"
"Hungary","HUN",1e+07,89608,"28.2","26.4","0.83799999999999997","6.0650386809999999","66.099999999999994","270.3","27482","2.9","7.2361337900000002","1912","4.6319499019999997","657.8033358730155","15","5.2","29.4","48.5",3,2,"0.81","0.51","0.65","0.53","0.09","57.1","36.4","57.6","78.599999999999994","66.7","70","10.1"
"Iceland","ISL",3e+05,100250,"28","31.1","0.93500000000000005","7.4762139320000003","83.7","16.5","49136","4","8.6091496000000003","4116","-","-","20","3.8","44.2","43.1",1,1,"1.37","1.45","1.43","1.61","1.84","72.599999999999994","77.3","86.7","72.099999999999994","77","70","47.6"
"India","IND",1.339e+09,2973193,"35.200000000000003","29.2","0.64","4.0461111069999998","40","8662.4","6616","7.3","3.8882568800000001","238","-","-","12","3.5","77.7","27.3",2,3,"-0.83","0.09","-0.25","0","-0.24","54.3","47.2","55.4","79.400000000000006","54.5","40","11.8"
"Indonesia","IDN",2.64e+08,1811569,"36.799999999999997","35.700000000000003","0.69399999999999995","5.0984015459999998","46.4","3032.1","11720","4.8","3.3474313699999998","369","3.2880098819999999","114.80404934354735","13","5.6","90.7","17.600000000000001",2,4,"-0.51","0.04","-0.11","-0.35","-0.25","45.2","42.8","49.3","83.7","64.2","60","19.8"
"Iran","IRN",8.1e+07,1531595,"44.5","24","0.79800000000000004","4.7167830469999998","48","1454.5","18078","0","7.5949203599999997","1262","2.8013501170000001","155.2225024596743","15","11.3","91.1","17.2",6,6,"-0.93","-0.19","-1.2","-0.68","-0.81","35.299999999999997","32.6","32.5","81","50.9","10","5.9"
"Iraq","IRQ",3.8e+07,437367,"-","26.5","0.68500000000000005","4.4623990060000001","37","647.20000000000005","17944","2.4","3.3970163100000001","481","-","-","-","16","45.4","42.7",5,6,"-2.33","-1.27","-1.2","-1.64","-1.37","11.4","23.4","36.700000000000003","-","-","-","25.3"
"Ireland","IRL",4700000,68883,"31.3","30","0.93799999999999994","7.0601553920000004","80.3","324.89999999999998","69231","7.8","7.7614421499999997","5335","-","-","19","8.1","69.599999999999994","31.9",1,1,"1.02","1.29","1.59","1.43","1.55","79","79","87.7","76.099999999999994","80.400000000000006","70","22.2"
"Israel","ISR",9e+06,20330,"42.8","28.8","0.90300000000000002","7.3310360909999996","66.5","300.60000000000002","35179","2.6","7.4313808000000003","2819","5.7390899659999999","2154.4517327115427","16","5.6","51.8","40.1",1,3,"-0.88","1.39","1.27","1.02","0.83","83.1","61.2","78.2","60.9","72.2","70","27.5"
"Italy","ITA",6.1e+07,294140,"31.9","28.1","0.88","6.1988701820000003","69.099999999999994","2234.5","36833","0.8","8.9963203699999994","3351","4.0752501490000004","1442.5007498227101","16","11.5","24.1","50.3",1,1,"0.24","0.5","0.7","0.32","0.19","60.9","40.1","71.2","55.2","62.5","50","31"
"Jamaica","JAM",2800000,10831,"35","36.9","0.73199999999999998","5.8897590639999997","49.7","25.4","8976","1.1000000000000001","5.92552565","511","6.0207200050000003","292.35415095690291","-","13.3","77.2","27.6",2,3,"0.25","0.49","0.14000000000000001","-0.16","-0.17","56.6","39.4","60.9","80","69.099999999999994","50","17.5"
"Japan","JPN",1.27e+08,364485,"37.9","28.3","0.90900000000000003","5.9106764790000001","75.2","5237.8","41275","0.5","10.898156180000001","4405","3.5905900000000002","1368.3517428187561","15","3.1","54.1","39.1",1,1,"1.1200000000000001","1.62","1.37","1.57","1.52","73.2","79.2","86","67.400000000000006","72.3","60","9.3000000000000007"
"Jordan","JOR",1e+07,88802,"39.700000000000003","-","0.73499999999999999","4.8080825809999999","48.7","85.6","12278","2.5","6.2843971300000003","568","-","-","13","13.2","69.400000000000006","32",5,5,"-0.53","0.12","0.1","0.26","1.17","57.3","51.9","57.6","92.4","64.900000000000006","60","15.4"
"Kazakhstan","KAZ",1.8e+07,2699700,"26.3","19.100000000000001","0.8","5.882351398","57.7","451.3","25145","1.2","3.88047502","903","-","-","15","5.2","85.3","22.2",7,5,"0.02","0.01","0.17","-0.41","0.26","58.1","44.6","56","92.6","69.099999999999994","50","27.1"
"Kenya","KEN",5e+07,569140,"48.5","24.2","0.59","4.4756541250000001","35.4","152.80000000000001","3361","5.6","5.2201767099999996","157","5.280149937","70.496510089866391","11","11","77.5","27.4",4,4,"-1.08","-0.31","-0.23","-0.41","-0.82","44","27.5","47.9","78.5","54.7","50","21.8"
"Kiribati","KIR",1e+05,811,"-","-","0.61199999999999999","-","-","0.2","1823","4.2","7.6132757800000004","152","-","-","12","-","0","117.6",1,1,"0.9","-0.25","-0.83","0.53","-0.96","35.299999999999997","37.9","45","72.400000000000006","50.8","30","6.5"
"Korea (Dem. Peopleâ€™s Rep.)","PRK",2.5e+07,120408,"-","-","-","-","-","15.1","-","1","-","-","-","-","11","4.3","0","-",7,7,"-0.48","-1.69","-2.34","-1.71","0.39","5","25.2","29.8","0","5.8","0","16.3"
"Korea (Rep.)","KOR",5.1e+07,96920,"35.700000000000003","24.8","0.90300000000000002","5.8738870619999997","-","1934","37740","2.6","7.3905272799999997","-","5.0567197799999999","1406.3389526998021","17","3.7","68.8","32.299999999999997",2,2,"0.28999999999999998","1.08","1.1100000000000001","1.1599999999999999","-1.48","63.7","49.9","79.400000000000006","73.3","73.8","70","17"
"Kosovo","-",1900000,10887,"23.2","-","-","6.149199963","-","18.399999999999999","9600","3.3","-","-","-","-","-","-","77.900000000000006","27.1",3,4,"-0.21","-0.41","-0.13","-0.42","0.48","59","45.4","52.3","93.2","66.599999999999994","30","-"
"Kuwait","KWT",4200000,17818,"-","-","0.80300000000000005","6.0939054490000002","65.7","303.7","71887","0.9","4.0332686400000002","2978","-","-","13","2.4","20.5","51.5",5,5,"-0.04","-0.17","-0.06","0.1","-0.5","53.5","36.6","52","97.7","62.2","60","3.1"
"Kyrgyzstan","KGZ",6e+06,191801,"33.4","33.1","0.67200000000000004","5.6295366290000004","45.4","21.5","3521","3.5","8.2178836299999993","287","5.5315999979999999","70.791745274751108","13","7.7","58.2","37.299999999999997",5,5,"-0.43","-0.71","-0.35","-0.93","-0.33","22.1","29.4","50.2","93.8","62.8","50","19.2"
"Laos","LAO",7e+06,230800,"36.700000000000003","-","0.60099999999999998","4.6231408119999999","37.799999999999997","40.9","5710","7","2.8056136899999999","-","2.9378099440000001","59.272894467165315","11","1.5","79.3","26.3",7,6,"0.43","-0.36","-0.72","-0.88","-1.05","41.4","33.1","34.1","86.7","53.6","20","27.5"
"Latvia","LVA",2e+06,62249,"34.5","17.100000000000001","0.84699999999999998","6.0939054490000002","66.099999999999994","50.6","25710","2.7","5.7605988100000003","1429","5.2687997820000003","828.06401916310119","16","9.9","59","37",2,2,"0.46","0.9","1.1499999999999999","0.93","-0.94","58.9","45.4","68.3","84","73.599999999999994","60","16"
"Lebanon","LBN",4600000,10230,"-","21.9","0.75700000000000001","5.153989792","44.8","85.2","18525","1","7.4314719599999997","1117","-","-","11","6.8","78.2","26.9",6,4,"-1.59","-0.51","-0.31","-0.82","0.54","33.6","20.2","39.700000000000003","91.9","53.2","50","3.1"
"Lesotho","LSO",1900000,30355,"63.2","16.7","0.52","-","29.5","7","3601","2.5","8.3626069399999992","251","-","-","11","27.4","23.8","50.4",3,3,"-0.25","-0.85","-0.32","-0.27","-1","52.7","32.9","49.4","48.2","53.9","40","22.9"
"Liberia","LBR",4400000,96320,"32","22.2","0.435","4.4244909290000001","30.6","3.8","855","0","15.186503310000001","128","-","-","-","4","59.4","36.799999999999997",3,3,"-0.41","-1.37","-0.95","-0.97","-0.03","42.4","32","28.2","77.5","50.9","20","12.3"
"Libya","LBY",6e+06,1759540,"-","-","0.70599999999999996","5.6468524929999999","-","55.4","8679","-6.4","-","-","-","-","-","19.2","0","92.9",7,6,"-2.33","-1.77","-2.21","-1.78","-0.69","22.1","23.1","5.2","90.5","-","-","16"
"Liechtenstein","LIE",38000,160,"-","-","0.91600000000000004","-","-","6.1","160526","1.2","-","-","-","-","15","2.4","-","-",2,1,"1.5","1.76","1.49","1.67","-1.59","-","-","-","-","-","80","12"
"Lithuania","LTU",2900000,62680,"37.9","21","0.85799999999999998","6.2729406360000004","67.400000000000006","86.1","29972","1.6","6.5147801400000001","1875","4.4855098719999997","742.13311058324939","17","9.1999999999999993","63.9","34.700000000000003",1,1,"0.78","0.98","1.1599999999999999","0.99","2.06","66.7","50.9","73.8","86.4","75.3","70","21.3"
"Luxembourg","LUX",6e+05,2586,"30.4","13.2","0.90400000000000003","7.0613808630000001","83.2","59.9","104003","4.5","6.0477419599999998","6382","3.9943900110000001","4762.3266702144001","14","5.9","48.5","41.4",1,1,"1.34","1.68","1.69","1.74","0.55000000000000004","77.900000000000006","79","82.7","65.099999999999994","76.400000000000006","80","28.3"
"Macedonia","MKD",2100000,25433,"33.700000000000003","23.4","-","5.2338666920000003","52.5","30.3","14597","3.7","6.0917082799999998","857","-","-","13","26.7","70.3","31.5",4,3,"-0.25","0.14000000000000001","0.5","-0.24","1.99","57","47.4","64.8","91.6","71.3","60","34.200000000000003"
"Madagascar","MDG",2.6e+07,581540,"41","-","0.51900000000000002","4.0786204340000003","31.1","37.5","1505","3","5.2377896499999999","77","-","-","11","2.1","92.9","15.4",3,4,"-0.33","-1.1399999999999999","-0.69","-0.86","-1.05","21.4","17.8","33.200000000000003","90.3","56.8","50","19.2"
"Malawi","MWI",1.9e+07,94080,"46.1","22.1","0.47699999999999998","3.416862965","32.5","21.1","1135","3","9.3309718400000001","108","4.8398399349999996","17.168141378569544","11","6.7","70.7","31.3",3,3,"-0.27","-0.67","-0.75","-0.37","-0.65","47.1","28.9","33.1","76.900000000000006","52","50","16.7"
"Malaysia","MYS",3.2e+07,328657,"46.2","30.3","0.80200000000000005","-","59.8","863.3","27267","5","3.99868581","1064","5.2126398089999997","582.96759562830664","13","3.3","81.3","24.9",4,4,"0.16","0.84","0.68","0.41","0.03","65.2","54.8","83.8","85.6","74.5","50","10.4"
"Maldives","MDV",4e+05,298,"38.4","-","0.71699999999999997","-","-","5.5","15553","1.9","11.49687913","1514","3.4704599379999999","314.30752936552676","-","3.2","45.5","42.6",5,5,"0.26","-0.45","-0.42","-0.62","-0.79","38.799999999999997","36.6","45","94.3","51.1","30","5.9"
"Mali","MLI",1.9e+07,1220190,"40.1","-","0.42699999999999999","4.7418503760000004","29.7","38.1","2266","6.1","5.7966338500000001","118","3.637409925","30.85352758686086","8","8.1","85.3","22.2",5,4,"-1.91","-0.94","-0.56999999999999995","-0.78","-0.63","32.4","31.4","31.9","68.099999999999994","57.6","40","8.8000000000000007"
"Malta","MLT",4e+05,316,"28.1","29","0.878","6.6756658550000001","68.8","17.3","39834","6.3","9.6168415300000003","3471","7.2496399880000002","1874.152232494997","15","5.3","51","40.4",1,1,"1.27","1","1.28","1.1399999999999999","0.74","62.8","49.9","68.099999999999994","64.7","68.5","60","11.9"
"Marshall Islands","MHL",53000,181,"-","-","0.70799999999999996","-","-","-","-","-","22.116082120000002","863","-","-","-","-","-","-",1,1,"0.2","-1.55","-1.03","0.14000000000000001","0","-","-","-","-","-","-","9.1"
"Mauritania","MRT",3800000,1030700,"37","18","0.52","4.6781597140000004","28.9","16.399999999999999","4328","1.9","4.6398186600000004","177","-","-","9","11.7","72.8","30.1",6,5,"-0.62","-0.72","-0.78","-0.6","-0.75","17.600000000000001","28.9","23.9","75.900000000000006","54","40","25.2"
"Mauritius","MUS",1300000,2030,"35.9","27.4","0.79","6.1741175650000004","60.2","25.9","20422","3.4","5.5371710399999996","1099","4.916950226","499.26408819779681","15","7.8","80.7","25.4",1,2,"0.99","0.9","1","0.68","0.2","69.599999999999994","52.1","68.7","91","75.099999999999994","70","11.6"
"Mexico","MEX",1.29e+08,1943945,"48.2","40.700000000000003","0.77400000000000002","6.4102993010000002","49.1","2315.6999999999998","18938","2.5","5.8644903700000004","1009","5.3258600229999997","563.52978512842924","13","4","78.099999999999994","27",3,3,"-0.65","-0.03","0.2","-0.56999999999999995","-0.93","39","26.9","58.6","75.7","64.8","60","42.6"
"Micronesia","FSM",1e+05,702,"61.1","-","0.627","-","-","0.3","3234","-0.2","13.09149841","458","-","-","-","-","7.4","55.6",1,1,"1.2","0.09","-0.99","0.01","0.75","25.4","38.799999999999997","5.2","93.2","52.3","30","0"
"Moldova","MDA",3600000,32891,"26.8","-","0.7","5.3255305289999999","48.7","18.899999999999999","5328","-1.1000000000000001","10.176828459999999","515","7.4645099640000003","167.56061472713216","12","5","56.7","38",3,3,"-0.24","-0.51","-0.04","-0.41","-0.8","26.3","26.6","53.5","85.3","58.4","50","22.8"
"Monaco","MCO",39000,2,"-","-","-","-","-","-","-","-","2.0306350399999999","3407","1.021950006","-","-","-","-","-",3,1,"1.65","-","-","-","-","-","-","-","-","-","-","20.8"
"Mongolia","MNG",3e+06,1553556,"34","14.3","0.74099999999999999","5.3338503839999998","50.6","37","12275","2.2999999999999998","3.8699188100000002","470","4.7148499490000004","197.15537869154531","15","6.7","57.1","37.799999999999997",1,2,"0.82","-0.26","-0.12","-0.3","-0.45","30.9","34.799999999999997","51","88.4","55.7","60","17.100000000000001"
"Montenegro","MNE",6e+05,13452,"31.9","25.1","0.81399999999999995","5.6147985460000003","-","10.4","16643","4.0999999999999996","5.9702961700000001","957","-","-","15","17.5","35.700000000000003","46.3",3,3,"0.01","0.15","0.3","0.01","-0.09","51.3","38.1","54.2","85.2","64.3","50","23.5"
"Morocco","MAR",3.6e+07,446300,"40.9","32.700000000000003","0.66700000000000004","5.3124828339999999","45.8","281.8","8330","4.5","5.5278636199999998","435","-","-","12","10","70.5","31.4",5,5,"-0.41","-0.16","-0.23","-0.17","-0.13","44.3","41.3","53.8","70.5","61.9","70","20.5"
"Mozambique","MOZ",3e+07,786380,"45.6","23.7","0.437","4.2798633580000001","26.7","34.9","1215","6.3","5.3531205899999996","64","-","-","10","24.4","60.7","36.200000000000003",4,4,"-0.98","-0.89","-0.73","-1.01","-0.86","36.299999999999997","28.2","35.4","70.599999999999994","46.3","50","39.6"
"Myanmar","MMR",5.3e+07,676575,"-","24.7","0.57799999999999996","4.1543416979999996","37","304.7","5832","7","4.9492534600000004","267","-","-","-","0.8","84.7","22.6",5,5,"-1.08","-1.05","-0.83","-0.95","-0.56000000000000005","17.600000000000001","28.2","32.5","86.3","53.9","20","10.199999999999999"
"Namibia","NAM",2300000,823290,"59.7","21.6","0.64700000000000002","4.4413061139999996","39.1","26","11290","4.5","8.9299479500000007","942","-","-","-","25.6","50.4","40.700000000000003",2,2,"0.65","0.2","-0.19","0.24","0.32","54.2","45.4","56.6","63","58.5","40","41.3"
"Nauru","NRU",14000,21,"-","-","-","-","-","-","-","-","4.8431536299999998","1064","-","-","9","-","-","-",2,2,"0.56999999999999995","-0.43","-1.1000000000000001","-0.73","-0.47","-","-","-","-","-","-","10.5"
"Nepal","NPL",2.9e+07,143351,"32.799999999999997","30.5","0.57399999999999995","4.7366924289999996","41.7","71.5","2479","3.4","6.1469872099999998","151","3.9930200579999999","28.2002528558377","12","3.2","87.6","20.3",3,4,"-0.66","-0.88","-0.72","-0.68","-0.75","36.200000000000003","24.6","37.5","84.2","54.1","30","29.6"
"Netherlands","NLD",1.7e+07,33893,"30.3","35.299999999999997","0.93100000000000005","7.4589653020000002","80.3","869.4","51049","1.9","10.6902779","5313","5.5293102259999998","2883.9445558801453","18","6.2","39.1","45",1,1,"0.92","1.85","2.0499999999999998","1.83","1.87","74.099999999999994","86","87.9","52.5","76.2","80","36"
"New Zealand","NZL",4700000,264537,"36.200000000000003","31.3","0.91700000000000004","7.3271827700000003","78.599999999999994","177","37294","3.4","9.3403511399999992","3530","6.3552598949999997","2831.9428170382171","19","5.2","49.5","41",1,1,"1.59","1.77","2.09","1.92","2.2400000000000002","88.4","95.7","95.1","70.5","84.2","80","34.200000000000003"
"Nicaragua","NIC",6e+06,119990,"47.1","38.700000000000003","0.65800000000000003","6.4763565060000001","43.5","33.6","5452","4.5","7.8070753899999996","406","-","-","-","5.9","80","25.8",5,4,"-0.05","-0.64","-0.67","-0.64","-0.87","19","24.2","29.8","77.2","58.9","50","45.7"
"Niger","NER",2.1e+07,1266700,"34","16.8","0.35399999999999998","4.6156735419999997","-","20.100000000000001","1107","4","7.1651978999999999","68","6.7277097699999997","28.915091012452322","5","2.6","72.900000000000006","30.1",4,4,"-1.3","-0.67","-0.68","-0.68","-0.65","32.6","30.4","37.4","73.3","49.5","40","17"
"Nigeria","NGA",1.91e+08,910768,"48.8","22.2","0.53200000000000003","5.321928024","26.5","1091.2","5942","2.7","3.5646676300000002","215","-","-","9","5","96.3","11",3,5,"-1.94","-0.96","-0.89","-0.87","-1.07","39.6","14.4","38","84.4","58.5","40","5.6"
"Norway","NOR",5e+06,304282,"26.8","36.799999999999997","0.95299999999999996","7.5787448880000001","85.3","364.4","69250","1.6","9.98","6222","7.68073988","7465.6799049358087","18","4.8","29.2","48.6",1,1,"1.1499999999999999","1.98","1.81","2.02","2.2400000000000002","86","93.6","86.4","56.4","74.3","60","39.6"
"Oman","OMN",4e+06,309500,"-","21.1","0.82099999999999995","-","62.1","184.8","46698","4.0999999999999996","2.69","1636","-","-","14","17.5","25","50",6,5,"0.74","0.21","0.42","0.43","0.25","57.4","51.5","59.5","98.5","61","60","1.2"
"Pakistan","PAK",1.97e+08,770875,"30.7","31.5","0.56200000000000006","5.8308706279999996","27.9","988.2","5106","4.2","2.6894980999999998","134","2.4659299849999998","32.475843318390673","8","5.9","88.2","19.8",4,5,"-2.4","-0.57999999999999996","-0.59","-0.72","-0.78","34","27.3","36","78.5","54.4","40","20.6"
"Palau","PLW",22000,459,"-","-","0.79800000000000004","-","-","-","-","-","10.64553884","1611","-","-","17","-","-","-",1,1,"0.94","-0.23","-0.6","0.28000000000000003","-0.47","-","-","-","-","-","-","12.5"
"Panama","PAN",4e+06,74340,"50.7","39.5","0.78900000000000003","6.5676589009999997","54.5","92.9","23024","5.8","7.0091616700000001","1543","-","-","13","5.8","84.1","23.1",2,2,"0.39","0.01","0.39","0.04","-0.54","29.4","38.799999999999997","60.9","85","67","70","18.3"
"Papua New Guinea","PNG",8e+06,452860,"50.9","-","0.54400000000000004","-","-","28","3541","9","3.7682562700000002","99","-","-","-","2.5","82","24.5",3,3,"-0.57999999999999996","-0.66","-0.65","-0.82","-0.9","55.1","33.1","38","71.099999999999994","55.7","30","0"
"Paraguay","PRY",7e+06,397302,"51.7","23.3","0.70199999999999996","-","46.2","64.400000000000006","9396","3","7.81978726","724","-","-","12","5.4","82.2","24.4",3,3,"0.12","-0.81","-0.23","-0.65","-0.72","28.2","28.3","38.299999999999997","96.1","62.1","60","13.8"
"Peru","PER",3.2e+07,1279996,"45.3","34.6","0.75","5.7109365460000001","49.3","406.2","12903","3.3","5.2648040399999996","671","3.6912100319999999","239.63572186744514","13","4.9000000000000004","85.6","21.9",2,3,"-0.26","-0.13","0.42","-0.5","-0.5","33.5","36.6","56.9","80.599999999999994","68.7","60","27.7"
"Philippines","PHL",1.05e+08,298170,"44.4","35","0.69899999999999995","5.5942702290000001","44.5","805.2","7728","5.8","4.4135159399999999","323","-","-","13","5.9","89.3","18.899999999999999",3,3,"-1.24","-0.06","0.02","-0.41","-0.48","38.200000000000003","34.4","45","78.900000000000006","65","60","29.5"
"Poland","POL",3.8e+07,304255,"30.8","27.5","0.86499999999999999","6.201268196","67.7","1054.0999999999999","27764","3.6","6.3472339499999997","1704","4.9124097820000001","704.55809632229636","16","6.2","47.8","41.7",1,2,"0.52","0.63","0.88","0.47","0.73","56.6","50.9","61.8","75.900000000000006","68.5","70","28"
"Portugal","PRT",1e+07,91470,"33.9","24.8","0.84699999999999998","5.7114992139999998","70.8","298.7","28933","1.5","8.9723755900000004","2661","5.1232500080000003","1131.0882478510753","17","11.2","29.8","48.4",1,1,"1.08","1.33","0.91","1.1299999999999999","0.87","70.099999999999994","56.8","69.2","59.8","63.4","60","34.799999999999997"
"Qatar","QAT",2600000,11586,"-","-","0.85599999999999998","-","70.8","329.2","127660","3.3","2.6894980999999998","3900","3.6053500180000002","3131.3483739055746","13","0.2","60.2","36.4",6,5,"0.55000000000000004","0.74","0.42","0.72","0.73","59.8","71.599999999999994","70.3","99.6","72.599999999999994","60","0"
"Romania","ROU",2e+07,229891,"27.3","28.8","0.81100000000000005","6.0899047849999999","60","441.6","22348","3.7","10.64553884","1090","3.1285099980000002","313.48460663453113","15","6.4","66.900000000000006","33.200000000000003",2,2,"0.06","-0.17","0.49","0.39","-0.03","59.7","40","61","87.3","69.400000000000006","50","20.7"
"Russia","RUS",1.44e+08,16377742,"41.2","18.7","0.81599999999999995","5.5787429810000004","57","3799.7","26490","-3.7","7.0091616700000001","1414","-","-","15","5.7","62.5","35.299999999999997",7,6,"-0.67","-0.08","-0.48","-0.79","-0.89","46.9","38.1","48.7","85.8","58.2","30","15.8"
"Rwanda","RWA",1.2e+07,24668,"50.4","19.600000000000001","0.52400000000000002","-","38","22.8","1977","6.9","3.7682562700000002","143","-","-","11","2.5","77.7","27.2",6,6,"0.04","0.26","0.15","0.13","0.63","79.599999999999994","61.2","69.8","75.8","69.099999999999994","40","61.3"
"Saint Kitts and Nevis","KNA",55000,261,"-","-","0.77800000000000002","-","-","-","-","-","5.6178182799999998","1443","-","-","-","-","-","-",1,1,"0.64","0.56000000000000005","0.55000000000000004","0.53","0.51","-","-","-","-","-","-","13.3"
"Saint Lucia","LCA",2e+05,606,"-","-","0.747","-","-","2.1","11783","1.6","5.9635382799999999","681","4.3362097740000003","381.44297839348019","-","19.8","72.400000000000006","30.3",1,1,"1.1499999999999999","0.27","0.31","0.6","0.59","69.2","50.9","67.900000000000006","75.5","67.599999999999994","40","16.7"
"Saint Vincent and the Grenadines","VCT",1e+05,389,"-","-","0.72299999999999998","-","-","1.2","11271","1.6","4.2144891400000004","470","-","-","-","19.3","72.7","30.1",1,1,"0.9","0.27","0.25","0.43","0.72","69.2","51.5","36.700000000000003","72.7","67.7","40","13"
"Samoa","WSM",2e+05,2821,"-","-","0.71299999999999997","-","-","1.1000000000000001","5553","1.7","7.81978726","336","-","-","-","7.2","55.1","38.700000000000003",2,2,"1.2","0.62","-0.08","0.87","0.66","38.799999999999997","40.1","53.1","79.900000000000006","61.5","30","10"
"San Marino","SMR",33000,61,"-","-","-","-","-","-","-","-","5.2648040399999996","3675","-","-","15","-","-","-",1,1,"0.94","-","-","-","-","-","-","-","-","-","-","26.7"
"Sao Tome and Principe","STP",2e+05,964,"30.8","-","0.58899999999999997","-","-","0.6","3072","4","4.4135159399999999","308","3.749279976","68.401073198190176","13","13.6","69.5","31.9",2,2,"0.22","-0.77","-0.83","-0.68","0.14000000000000001","28.2","39.4","38","82","53.6","30","18.2"
"Saudi Arabia","SAU",3.3e+07,2149690,"45.9","-","0.85299999999999998","6.2942824359999996","62.6","1750.9","55158","3.4","6.3472339499999997","3121","-","-","16","5.5","52","40",7,7,"-0.62","0.25","0","0.1","0.36","60.2","49.9","53.1","99.7","59.6","50","19.899999999999999"
"Senegal","SEN",1.6e+07,192530,"40.299999999999997","21.9","0.505","4.6830248829999999","38.4","39.700000000000003","2577","6.5","8.9723755900000004","97","7.401400089","77.872164382412265","9","9.5","72.7","30.2",2,2,"-0.04","-0.32","-0.15","-0.15","-0.09","40.4","42.6","41.3","68.5","55.7","40","41.8"
"Serbia","SRB",7e+06,77474,"38.700000000000003","29","0.78700000000000003","5.1220312119999996","54.9","101.8","14493","0.7","9.4050795399999991","1324","4.1802501679999997","259.18275149004364","15","16.5","40.6","44.5",3,2,"0.1","0.19","0.01","-0.19","-0.37","48.2","36.5","46.2","83.5","62.5","50","34.4"
"Seychelles","SYC",1e+05,455,"-","-","0.79700000000000004","-","59.1","2.6","27602","4.4000000000000004","3.3909512799999999","867","-","-","14","-","63","35.1",3,3,"0.68","0.42","-0.18","0.1","0.68","38.799999999999997","38.799999999999997","60.7","73.400000000000006","61.6","30","21.2"
"Sierra Leone","SLE",8e+06,71620,"34","15.3","0.41899999999999998","4.0895624159999997","32.9","10.8","1672","-21.5","18.31858759","256","2.6629099850000002","18.865105537318108","-","3","89.8","18.399999999999999",3,3,"0.03","-1.21","-0.92","-0.79","-0.59","29.6","22","33.6","79.900000000000006","51.8","20","12.4"
"Singapore","SGP",6e+06,709.2,"45.9","-","0.93200000000000005","6.3784379959999997","81.8","492.6","87855","2","4.25217534","3681","-","-","13","1.8","90.6","17.7",4,4,"1.59","2.21","2.12","1.82","2.13","90.9","91.2","98.4","90.4","88.8","80","23"
"Slovakia","SVK",5e+06,48105,"23.7","28.2","0.85499999999999998","6.3655090330000004","67.400000000000006","170.1","31339","3.6","6.8859422800000001","2062","4.2306799890000004","788.16451024890523","15","10","44.3","43.1",1,1,"0.88","0.81","0.82","0.56999999999999995","0.22","38.799999999999997","38.200000000000003","68.2","78.900000000000006","65.3","70","20"
"Slovenia","SVN",2100000,20151,"24.4","24.6","0.89600000000000002","6.1668376919999996","72.599999999999994","66.2","32085","2.9","8.5431838199999994","2734","5.2944397929999996","1281.3831290489588","17","8.6999999999999993","31.2","47.9",1,1,"0.89","1.17","0.57999999999999996","1.02","0.81","57.7","52.1","76.599999999999994","58.7","64.8","50","36.700000000000003"
"Solomon Islands","SLB",6e+05,27986,"-","-","0.54600000000000004","-","-","1.2","1973","3.3","8.0272394499999997","173","-","-","-","31.4","35.6","46.3",3,2,"0.21","-1.01","-0.8","-0.21","0.11","57.3","36.799999999999997","49.4","65.5","57.5","30","2"
"Somalia","SOM",1.5e+07,627337,"-","-","-","-","-","5.9","-","3.7","-","-","-","-","-","6.6","-","-",7,7,"-2.33","-2.21","-2.29","-2.31","-1.72","25.4","17.8","33.1","-","-","-","24.4"
"South Africa","ZAF",5.7e+07,1214470,"62.5","15.9","0.69899999999999995","4.5136551860000003","38.5","739.4","13225","1.3","8.2011545899999998","1086","6.0469398500000002","389.05722746962022","13","25.9","68.099999999999994","32.6",2,2,"-0.27","0.28000000000000003","0.23","-0.01","-0.01","65.900000000000006","45.4","67.7","62.5","63","50","42"
"South Sudan","SSD",1.3e+07,644329,"46","-","0.38800000000000001","2.8166224959999999","-","1686.9","36416","3.2","2.5309594400000002","71","1.712970018","22.431126228731639","-","19.399999999999999","42.8","43.7",7,7,"-2.46","-2.48","-1.94","-1.94","-1.71","62","51.5","73.099999999999994","62","65.099999999999994","70","28.5"
"Spain","ESP",4.7e+07,498980,"35.9","36","0.89100000000000001","6.230173111","71.8","260.60000000000002","12262","5.2","9.1653751900000007","3183","4.2799000740000004","1267.841090212389","18","5","89.3","18.899999999999999",1,1,"0.27","1.03","0.94","1.01","0.49","52","30.7","46.5","84.9","57.8","40","39.1"
"Sri Lanka","LKA",2.1e+07,64630,"39.200000000000003","33.799999999999997","0.77","4.3309454919999997","49.3","176.1","4447","3.5","2.96601516","353","1.932880044","73.849126179013226","14","13.3","95.3","12.5",3,4,"-0.06","-0.15","-0.13","0.06","-0.45","21.4","21.2","27.8","85.9","49.4","20","5.8"
"Sudan","SDN",4.1e+07,1861484,"-","-","0.502","-","26.5","7.9","13988","0.1","6.3128638199999996","277","-","-","7","10","76.400000000000006","28.1",7,7,"-2.0099999999999998","-1.41","-0.56000000000000005","-1.1100000000000001","-1.54","21.4","39.9","39.700000000000003","71.400000000000006","48.1","30","30.5"
"Suriname","SUR",6e+05,156000,"-","25.4","0.72","-","52.7","498.1","49836","4.0999999999999996","6.5483191500000002","1017","-","-","-","7.1","23.2","50.6",2,2,"0.14000000000000001","-0.62","-0.54","-0.15","-0.17","88.2","92.9","92.6","43.9","76.3","80","25.5"
"Sweden","SWE",1e+07,410335,"24.9","28","0.93300000000000005","7.286804676","81.900000000000006","496","59561","0.9","11.01207026","5299","7.6812500950000002","4545.7813154066007","18","4.5999999999999996","65.400000000000006","34",1,1,"0.98","1.84","1.8","1.94","2.14","82.1","82.8","84.2","70.5","81.7","90","43.6"
"Switzerland","CHE",8e+06,39997,"29.5","34.299999999999997","0.94399999999999995","7.4735932350000001","83.8","21","-","-4.8","12.057016920000001","7583","5.0512299540000001","4374.6488736635092","16","14.3","-","-",1,1,"1.21","2.06","1.88","1.93","1.99","22.1","23.1","36.700000000000003","-","-","-","32.5"
"Syria","SYR",1.8e+07,183630,"-","19.100000000000001","0.53600000000000003","-","-","1132.0999999999999","48095","0.7","-","-","-","-","9","4","90.4","17.8",7,7,"-2.63","-1.79","-1.83","-2.09","-1.56","69.2","70.900000000000006","84.3","76.099999999999994","76.599999999999994","60","13.2"
"Taiwan","TWN",2.4e+07,32260,"33.6","-","-","6.3594508169999999","-","26","3008","3","6.8537354300000004","-","-","-","-","10.8","71.400000000000006","30.9",1,1,"0.89","1.27","1.37","1.1399999999999999","0.96","50.3","38.200000000000003","46.8","91.8","58.3","30","-"
"Tajikistan","TJK",9e+06,141510,"32.6","34.200000000000003","0.65","5.829234123","41.3","149.80000000000001","3080","7","6.12306537","193","-","-","11","2.6","89.8","18.5",7,6,"-0.67","-1.1200000000000001","-1.06","-1.35","-1.33","34.700000000000003","31.8","38","79.8","59.9","50","19"
"Tanzania","TZA",5.7e+07,885800,"37.6","22.1","0.53800000000000003","3.3471212389999998","36","1164.9000000000001","16888","2.8","3.77148642","96","3.4814300540000001","32.138231984753524","8","0.6","85.5","22",4,4,"-0.57999999999999996","-0.63","-0.57999999999999996","-0.45","-0.48","45.3","34.700000000000003","48.6","81.3","67.099999999999994","60","36.4"
"Thailand","THA",6.9e+07,510890,"44.5","37.299999999999997","0.755","5.9388952259999996","52.4","-","-","-","3.0940268299999998","610","-","-","16","-","-","-",6,5,"-0.76","0.38","0.14000000000000001","0.04","-0.39","-","-","-","-","-","-","4.8"
"Timor-Leste","TLS",1200000,14874,"31.9","-","0.625","-","-","5","4187","4.3","3.0940268299999998","141","-","-","13","4","30.9","48",2,3,"0.03","-1","-0.74","-1.17","-0.54","13.8","32","29.9","97.4","48.1","20","32.299999999999997"
"Togo","TGO",8e+06,54385,"46","13.2","0.503","4.3608050350000003","34.9","11.6","1550","5.3","6.6491304600000003","96","4.8763599400000004","30.239861051629209","12","6.8","73.3","29.8",4,4,"-0.74","-1.1299999999999999","-0.79","-0.71","-0.71","28.2","31.4","32.700000000000003","64.3","47.8","30","17.600000000000001"
"Tonga","TON",1e+05,717,"-","-","0.72599999999999998","-","-","0.6","5387","2.6","5.8601039100000003","324","-","-","-","4.9000000000000004","68.7","32.299999999999997",2,2,"0.79","-0.22","-0.4","0.31","-0.16","25.4","40.5","62.1","85.4","63.1","20","3.8"
"Trinidad and Tobago","TTO",1400000,5128,"-","15.7","0.78400000000000003","6.1918597220000002","58.7","43.6","31870","-1.8","6.0152091299999997","2204","-","-","-","3.9","54.4","39",2,2,"0.28999999999999998","0.26","0.03","-0.11","-0.36","49.8","33.1","54.9","83.5","57.7","50","31"
"Tunisia","TUN",1.2e+07,155360,"40","26.2","0.73499999999999999","4.124342918","49.3","130.6","11634","0.8","6.7404906599999999","774","-","-","15","14.8","75.5","28.6",2,3,"-1.05","-7.0000000000000007E-2","-0.41","7.0000000000000007E-2","-0.11","41.7","36.799999999999997","49.4","73","58.9","30","31.3"
"Turkey","TUR",8.1e+07,769632,"40.200000000000003","26.4","0.79100000000000004","5.607262135","53.3","1988.3","24912","3.8","4.1385330700000003","996","4.3711600300000004","530.11076370629883","16","10.3","68.099999999999994","32.6",5,6,"-1.8","7.0000000000000007E-2","0.04","-0.25","-0.19","54.5","42","54.7","74.7","65.400000000000006","60","14.6"
"Turkmenistan","TKM",6e+06,469930,"40.799999999999997","14.6","0.70599999999999996","5.229148865","-","95.5","17485","6.5","6.2548061500000003","1004","-","-","11","8.6","92.2","16.100000000000001",7,7,"-0.15","-1.21","-2","-1.49","-1.48","5","27.3","29.8","95.9","47.1","10","25.8"
"Tuvalu","TUV",11000,26,"-","-","-","-","-","-","-","-","14.955840589999999","523","-","-","-","-","-","-",1,1,"1.27","-0.74","-0.79","0.56000000000000005","0.06","-","-","-","-","-","-","6.7"
"Uganda","UGA",4.3e+07,197100,"39.5","19.399999999999999","0.51600000000000001","4.0005168910000002","30.9","85","2068","5","7.3019311699999996","139","2.2506799700000002","15.817668930653337","10","2.2999999999999998","90.9","17.399999999999999",6,4,"-0.56000000000000005","-0.57999999999999996","-0.22","-0.3","-1.04","40.299999999999997","28.3","43.5","73","62","40","34.299999999999997"
"Ukraine","UKR",4.5e+07,579330,"25.5","26.4","0.751","4.3110671040000001","52.5","353","8305","-9.9","6.1344959299999999","469","5.874939919","173.24682413289116","15","8.9","45","42.8",3,3,"-1.89","-0.46","-0.32","-0.71","-0.78","29.5","29","41","80.2","51.9","30","12.3"
"United Arab Emirates","ARE",9e+06,83600,"-","-","0.86299999999999999","7.0394196510000002","70.400000000000006","668.9","67871","3.9","3.4658999499999998","2426","-","-","-","3.7","70.900000000000006","31.2",7,6,"0.63","1.4","1.01","0.8","1.1299999999999999","83.4","77.3","76.3","98.4","77.599999999999994","60","22.5"
"United Kingdom","GBR",6.6e+07,241930,"32.4","31.9","0.92200000000000004","7.1032733920000002","74.599999999999994","2785.6","42481","2.2000000000000002","9.8767721099999992","4145","5.6934199330000004","2663.5813162628779","18","4.8","44.4","43",1,1,"0.26","1.41","1.71","1.68","1.84","93.8","79","92.2","65.2","78","80","32"
"United States","USA",3.26e+08,9147593,"45","20.7","0.92400000000000004","6.9917593","76","18569.099999999999","57436","2.4","16.836130189999999","9536","4.9894800190000002","2729.0808137034378","17","4.9000000000000004","56.5","38.1",2,1,"0.3","1.55","1.63","1.64","1.38","76.900000000000006","71.900000000000006","79.3","65.099999999999994","75.7","80","19.399999999999999"
"Uruguay","URY",3500000,175015,"41.6","36.1","0.80400000000000005","6.336009979","64.2","74.900000000000006","21527","1.5","9.2239280600000004","1748","-","-","16","8.1999999999999993","68.599999999999994","32.4",1,1,"1.06","0.42","0.66","0.59","1.29","67","71.599999999999994","69.3","78","69.2","30","20.2"
"Uzbekistan","UZB",3.2e+07,425400,"36.799999999999997","29.1","0.71","6.4214477539999999","43.1","205.7","6563","8","6.23430295","383","-","-","12","8.9","65.5","33.9",7,7,"-0.28000000000000003","-0.56000000000000005","-1.26","-1.1100000000000001","-1.1599999999999999","35.299999999999997","24.2","48.7","91","51.5","10","16"
"Vanuatu","VUT",3e+05,12189,"-","40.6","0.60299999999999998","-","-","0.7","2631","-0.8","3.54945303","106","4.9108300209999998","2.5620054655739457","-","5.4","78.5","26.8",2,2,"0.71","-0.9","-0.33","0.49","0.01","47.1","75.400000000000006","67.900000000000006","97","69.5","40","0"
"Venezuela","VEN",3.2e+07,882050,"39","33.6","0.76100000000000001","-","43.1","427","13761","-5.7","3.16147665","579","-","-","14","6.9","57.3","37.700000000000003",6,5,"-1.18","-1.4","-1.96","-2.2599999999999998","-1.36","13.8","7.5","5.2","72.5","25.2","10","22.2"
"Vietnam","VNM",9.6e+07,310070,"34.799999999999997","40.299999999999997","0.69399999999999995","5.1752786640000004","50.8","595.5","6429","6.7","5.65262156","334","-","-","-","2.2000000000000002","74","29.4",7,5,"0.31","0","-0.4","7.0000000000000007E-2","-0.57999999999999996","36.299999999999997","30.4","46.4","79.7","53.1","40","26.7"
"Yemen","YEM",2.8e+07,527968,"37.9","22.8","0.45200000000000001","3.2535600659999999","23.9","69.2","2375","-28.1","5.9826336299999996","144","-","-","-","17.100000000000001","80.900000000000006","25.2",7,6,"-2.96","-1.92","-1.45","-1.75","-1.59","16.600000000000001","21.2","17.899999999999999","-","-","-","0"
"Zambia","ZMB",1.7e+07,743398,"57.5","25.2","0.58799999999999997","3.9327774049999999","33.200000000000003","64.900000000000006","3880","3.6","5.3542873699999998","203","-","-","-","7.5","80.2","25.7",4,4,"0.11","-0.62","-0.47","-0.33","-0.54","40.6","36.299999999999997","46","72.099999999999994","54.3","50","18"
"Zimbabwe","ZWE",1.7e+07,386847,"43.2","22.1","0.53500000000000003","3.6383001799999999","29.7","28.6","1970","1.5","10.317197930000001","182","7.5306801800000001","77.649190791944974","10","5.0999999999999996","72","30.6",6,5,"-0.77","-1.19","-1.56","-1.38","-1.27","33","18.899999999999999","27.6","61.1","44","10","32.6"
